{
  "mean": [
    81.12722501141032,
    81.12825193975354,
    81.12933591967138,
    81.13019169329074,
    81.13024874486536,
    81.13064810588773,
    81.13087631218622,
    6.881281378366084,
    6.8814981743496535,
    6.881526700136965,
    6.881372660885482,
    6.881275673208621,
    6.88122432679146,
    6.881241442263848
  ],
  "std": [
    8.827717024929877,
    8.827353167606494,
    8.827030351483007,
    8.826872345755048,
    8.8269005893284,
    8.826917309167564,
    8.82691392851222,
    12.966975019131299,
    12.966891734574144,
    12.966877145940565,
    12.966942856303955,
    12.966987968179684,
    12.96701343448761,
    12.96700454976992
  ]
}