{
  "mean": [
    81.08161865569274,
    81.0877914951989,
    81.0943072702332,
    81.099451303155,
    81.09910836762688,
    81.10185185185185,
    81.10356652949245,
    6.752229080932788,
    6.7534979423868355,
    6.753875171467768,
    6.75308641975309,
    6.752503429355285,
    6.752194787379977,
    6.752331961591225
  ],
  "std": [
    8.88592880419863,
    8.883785675857888,
    8.88188507833878,
    8.880960181510261,
    8.880828862783025,
    8.881106740001357,
    8.880990374015225,
    12.558567806350489,
    12.558072433205968,
    12.557886080694082,
    12.558212903295452,
    12.558486925980038,
    12.558641813865515,
    12.55857024528856
  ]
}